{"Reaper":{"health":"336","pAtk":"182","mAtk":"154","pDef":"124","mDef":"108","pCritP":"4","mCritP":"1","stats":{"strength":8,"dexterity":7,"constitution":6,"intelligence":6,"wit":6,"luck":6}},"Duelist":{"health":"348","pAtk":"174","mAtk":"154","pDef":"128","mDef":"112","pCritP":"1","mCritP":"1","stats":{"strength":8,"dexterity":6,"constitution":7,"intelligence":6,"wit":6,"luck":6}},"Harlequin":{"health":"332","pAtk":"174","mAtk":"154","pDef":"120","mDef":"108","pCritP":"8","mCritP":"8","stats":{"strength":8,"dexterity":6,"constitution":6,"intelligence":6,"wit":6,"luck":7}},"Arcanist":{"health":"330","pAtk":"154","mAtk":"182","pDef":"108","mDef":"130","pCritP":"1","mCritP":"4","stats":{"strength":6,"dexterity":6,"constitution":6,"intelligence":8,"wit":7,"luck":6}},"Battlemage":{"health":"344","pAtk":"154","mAtk":"174","pDef":"116","mDef":"128","pCritP":"1","mCritP":"1","stats":{"strength":6,"dexterity":6,"constitution":7,"intelligence":8,"wit":6,"luck":6}},"Dreamweaver":{"health":"328","pAtk":"154","mAtk":"174","pDef":"108","mDef":"124","pCritP":"8","mCritP":"8","stats":{"strength":6,"dexterity":6,"constitution":6,"intelligence":8,"wit":6,"luck":7}},"Stalker":{"health":"336","pAtk":"180","mAtk":"154","pDef":"122","mDef":"108","pCritP":"7","mCritP":"1","stats":{"strength":7,"dexterity":8,"constitution":6,"intelligence":6,"wit":6,"luck":6}},"Trickster":{"health":"334","pAtk":"170","mAtk":"162","pDef":"116","mDef":"114","pCritP":"7","mCritP":"4","stats":{"strength":6,"dexterity":8,"constitution":6,"intelligence":6,"wit":7,"luck":6}},"Explorer":{"health":"332","pAtk":"170","mAtk":"154","pDef":"116","mDef":"108","pCritP":"14","mCritP":"8","stats":{"strength":6,"dexterity":8,"constitution":6,"intelligence":6,"wit":6,"luck":7}},"Titan":{"health":"360","pAtk":"164","mAtk":"154","pDef":"130","mDef":"116","pCritP":"1","mCritP":"1","stats":{"strength":7,"dexterity":6,"constitution":8,"intelligence":6,"wit":6,"luck":6}},"Spellbreaker":{"health":"358","pAtk":"154","mAtk":"164","pDef":"124","mDef":"124","pCritP":"1","mCritP":"1","stats":{"strength":6,"dexterity":6,"constitution":8,"intelligence":7,"wit":6,"luck":6}},"Hexer":{"health":"332","pAtk":"164","mAtk":"170","pDef":"114","mDef":"120","pCritP":"1","mCritP":"7","stats":{"strength":7,"dexterity":6,"constitution":6,"intelligence":6,"wit":8,"luck":6}},"Voidwalker":{"health":"330","pAtk":"154","mAtk":"180","pDef":"108","mDef":"128","pCritP":"1","mCritP":"7","stats":{"strength":6,"dexterity":6,"constitution":6,"intelligence":7,"wit":8,"luck":6}},"Prophet":{"health":"328","pAtk":"154","mAtk":"170","pDef":"108","mDef":"120","pCritP":"8","mCritP":"14","stats":{"strength":6,"dexterity":6,"constitution":6,"intelligence":6,"wit":8,"luck":7}}}