{
  "Reaper": {
    "health": "612",
    "pAtk": "454",
    "mAtk": "224",
    "pDef": "278",
    "mDef": "128",
    "pCritP": "6",
    "mCritP": "1",
    "stats": {
      "strength": 21,
      "dexterity": 16,
      "constitution": 11,
      "intelligence": 6,
      "wit": 6,
      "luck": 6
    }
  },
  "Duelist": {
    "health": "732",
    "pAtk": "384",
    "mAtk": "234",
    "pDef": "318",
    "mDef": "168",
    "pCritP": "1",
    "mCritP": "1",
    "stats": {
      "strength": 21,
      "dexterity": 6,
      "constitution": 21,
      "intelligence": 6,
      "wit": 6,
      "luck": 6
    }
  },
  "Harlequin": {
    "health": "572",
    "pAtk": "374",
    "mAtk": "224",
    "pDef": "238",
    "mDef": "128",
    "pCritP": "11",
    "mCritP": "11",
    "stats": {
      "strength": 21,
      "dexterity": 6,
      "constitution": 11,
      "intelligence": 6,
      "wit": 6,
      "luck": 16
    }
  },
  "Arcanist": {
    "health": "562",
    "pAtk": "224",
    "mAtk": "454",
    "pDef": "148",
    "mDef": "308",
    "pCritP": "1",
    "mCritP": "6",
    "stats": {
      "strength": 6,
      "dexterity": 6,
      "constitution": 11,
      "intelligence": 21,
      "wit": 16,
      "luck": 6
    }
  },
  "Battlemage": {
    "health": "702",
    "pAtk": "234",
    "mAtk": "384",
    "pDef": "228",
    "mDef": "288",
    "pCritP": "1",
    "mCritP": "1",
    "stats": {
      "strength": 6,
      "dexterity": 6,
      "constitution": 21,
      "intelligence": 21,
      "wit": 6,
      "luck": 6
    }
  },
  "Dreamweaver": {
    "health": "542",
    "pAtk": "224",
    "mAtk": "374",
    "pDef": "148",
    "mDef": "248",
    "pCritP": "11",
    "mCritP": "11",
    "stats": {
      "strength": 6,
      "dexterity": 6,
      "constitution": 11,
      "intelligence": 21,
      "wit": 6,
      "luck": 16
    }
  },
  "Stalker": {
    "health": "612",
    "pAtk": "444",
    "mAtk": "224",
    "pDef": "268",
    "mDef": "128",
    "pCritP": "8",
    "mCritP": "1",
    "stats": {
      "strength": 16,
      "dexterity": 21,
      "constitution": 11,
      "intelligence": 6,
      "wit": 6,
      "luck": 6
    }
  },
  "Trickster": {
    "health": "592",
    "pAtk": "344",
    "mAtk": "304",
    "pDef": "208",
    "mDef": "188",
    "pCritP": "8",
    "mCritP": "6",
    "stats": {
      "strength": 6,
      "dexterity": 21,
      "constitution": 11,
      "intelligence": 6,
      "wit": 16,
      "luck": 6
    }
  },
  "Explorer": {
    "health": "572",
    "pAtk": "344",
    "mAtk": "224",
    "pDef": "208",
    "mDef": "128",
    "pCritP": "18",
    "mCritP": "11",
    "stats": {
      "strength": 6,
      "dexterity": 21,
      "constitution": 11,
      "intelligence": 6,
      "wit": 6,
      "luck": 16
    }
  },
  "Titan": {
    "health": "792",
    "pAtk": "344",
    "mAtk": "244",
    "pDef": "328",
    "mDef": "188",
    "pCritP": "1",
    "mCritP": "1",
    "stats": {
      "strength": 16,
      "dexterity": 6,
      "constitution": 26,
      "intelligence": 6,
      "wit": 6,
      "luck": 6
    }
  },
  "Spellbreaker": {
    "health": "772",
    "pAtk": "244",
    "mAtk": "344",
    "pDef": "268",
    "mDef": "268",
    "pCritP": "1",
    "mCritP": "1",
    "stats": {
      "strength": 6,
      "dexterity": 6,
      "constitution": 26,
      "intelligence": 16,
      "wit": 6,
      "luck": 6
    }
  },
  "Hexer": {
    "health": "582",
    "pAtk": "324",
    "mAtk": "344",
    "pDef": "208",
    "mDef": "218",
    "pCritP": "1",
    "mCritP": "8",
    "stats": {
      "strength": 16,
      "dexterity": 6,
      "constitution": 11,
      "intelligence": 6,
      "wit": 21,
      "luck": 6
    }
  },
  "Voidwalker": {
    "health": "562",
    "pAtk": "224",
    "mAtk": "444",
    "pDef": "148",
    "mDef": "298",
    "pCritP": "1",
    "mCritP": "8",
    "stats": {
      "strength": 6,
      "dexterity": 6,
      "constitution": 11,
      "intelligence": 16,
      "wit": 21,
      "luck": 6
    }
  },
  "Prophet": {
    "health": "542",
    "pAtk": "224",
    "mAtk": "344",
    "pDef": "148",
    "mDef": "218",
    "pCritP": "11",
    "mCritP": "18",
    "stats": {
      "strength": 6,
      "dexterity": 6,
      "constitution": 11,
      "intelligence": 6,
      "wit": 21,
      "luck": 16
    }
  }
}
