{
  "Reaper": {
    "health": "756",
    "pAtk": "616",
    "mAtk": "266",
    "pDef": "362",
    "mDef": "136",
    "pCritP": "6",
    "mCritP": "1",
    "stats": {
      "strength": 29,
      "dexterity": 21,
      "constitution": 13,
      "intelligence": 6,
      "wit": 6,
      "luck": 6
    }
  },
  "Duelist": {
    "health": "936",
    "pAtk": "510",
    "mAtk": "280",
    "pDef": "422",
    "mDef": "196",
    "pCritP": "1",
    "mCritP": "1",
    "stats": {
      "strength": 29,
      "dexterity": 6,
      "constitution": 28,
      "intelligence": 6,
      "wit": 6,
      "luck": 6
    }
  },
  "Harlequin": {
    "health": "696",
    "pAtk": "496",
    "mAtk": "266",
    "pDef": "302",
    "mDef": "136",
    "pCritP": "12",
    "mCritP": "12",
    "stats": {
      "strength": 29,
      "dexterity": 6,
      "constitution": 13,
      "intelligence": 6,
      "wit": 6,
      "luck": 21
    }
  },
  "Arcanist": {
    "health": "680",
    "pAtk": "266",
    "mAtk": "616",
    "pDef": "164",
    "mDef": "410",
    "pCritP": "1",
    "mCritP": "6",
    "stats": {
      "strength": 6,
      "dexterity": 6,
      "constitution": 13,
      "intelligence": 29,
      "wit": 21,
      "luck": 6
    }
  },
  "Battlemage": {
    "health": "890",
    "pAtk": "280",
    "mAtk": "510",
    "pDef": "284",
    "mDef": "380",
    "pCritP": "1",
    "mCritP": "1",
    "stats": {
      "strength": 6,
      "dexterity": 6,
      "constitution": 28,
      "intelligence": 29,
      "wit": 6,
      "luck": 6
    }
  },
  "Dreamweaver": {
    "health": "650",
    "pAtk": "266",
    "mAtk": "496",
    "pDef": "164",
    "mDef": "320",
    "pCritP": "12",
    "mCritP": "12",
    "stats": {
      "strength": 6,
      "dexterity": 6,
      "constitution": 13,
      "intelligence": 29,
      "wit": 6,
      "luck": 21
    }
  },
  "Stalker": {
    "health": "756",
    "pAtk": "600",
    "mAtk": "266",
    "pDef": "346",
    "mDef": "136",
    "pCritP": "9",
    "mCritP": "1",
    "stats": {
      "strength": 21,
      "dexterity": 29,
      "constitution": 13,
      "intelligence": 6,
      "wit": 6,
      "luck": 6
    }
  },
  "Trickster": {
    "health": "726",
    "pAtk": "450",
    "mAtk": "386",
    "pDef": "256",
    "mDef": "226",
    "pCritP": "9",
    "mCritP": "6",
    "stats": {
      "strength": 6,
      "dexterity": 29,
      "constitution": 13,
      "intelligence": 6,
      "wit": 21,
      "luck": 6
    }
  },
  "Explorer": {
    "health": "696",
    "pAtk": "450",
    "mAtk": "266",
    "pDef": "256",
    "mDef": "136",
    "pCritP": "20",
    "mCritP": "12",
    "stats": {
      "strength": 6,
      "dexterity": 29,
      "constitution": 13,
      "intelligence": 6,
      "wit": 6,
      "luck": 21
    }
  },
  "Titan": {
    "health": "1032",
    "pAtk": "444",
    "mAtk": "294",
    "pDef": "438",
    "mDef": "228",
    "pCritP": "1",
    "mCritP": "1",
    "stats": {
      "strength": 21,
      "dexterity": 6,
      "constitution": 36,
      "intelligence": 6,
      "wit": 6,
      "luck": 6
    }
  },
  "Spellbreaker": {
    "health": "1002",
    "pAtk": "294",
    "mAtk": "444",
    "pDef": "348",
    "mDef": "348",
    "pCritP": "1",
    "mCritP": "1",
    "stats": {
      "strength": 6,
      "dexterity": 6,
      "constitution": 36,
      "intelligence": 21,
      "wit": 6,
      "luck": 6
    }
  },
  "Hexer": {
    "health": "710",
    "pAtk": "416",
    "mAtk": "450",
    "pDef": "254",
    "mDef": "274",
    "pCritP": "1",
    "mCritP": "9",
    "stats": {
      "strength": 21,
      "dexterity": 6,
      "constitution": 13,
      "intelligence": 6,
      "wit": 29,
      "luck": 6
    }
  },
  "Voidwalker": {
    "health": "680",
    "pAtk": "266",
    "mAtk": "600",
    "pDef": "164",
    "mDef": "394",
    "pCritP": "1",
    "mCritP": "9",
    "stats": {
      "strength": 6,
      "dexterity": 6,
      "constitution": 13,
      "intelligence": 21,
      "wit": 29,
      "luck": 6
    }
  },
  "Prophet": {
    "health": "650",
    "pAtk": "266",
    "mAtk": "450",
    "pDef": "164",
    "mDef": "274",
    "pCritP": "12",
    "mCritP": "20",
    "stats": {
      "strength": 6,
      "dexterity": 6,
      "constitution": 13,
      "intelligence": 6,
      "wit": 29,
      "luck": 21
    }
  }
}
