{
  "Reaper": {
    "health": "912",
    "pAtk": "764",
    "mAtk": "304",
    "pDef": "448",
    "mDef": "148",
    "pCritP": "7",
    "mCritP": "1",
    "stats": {
      "strength": 36,
      "dexterity": 26,
      "constitution": 16,
      "intelligence": 6,
      "wit": 6,
      "luck": 6
    }
  },
  "Duelist": {
    "health": "1152",
    "pAtk": "624",
    "mAtk": "324",
    "pDef": "528",
    "mDef": "228",
    "pCritP": "1",
    "mCritP": "1",
    "stats": {
      "strength": 36,
      "dexterity": 6,
      "constitution": 36,
      "intelligence": 6,
      "wit": 6,
      "luck": 6
    }
  },
  "Harlequin": {
    "health": "832",
    "pAtk": "604",
    "mAtk": "304",
    "pDef": "368",
    "mDef": "148",
    "pCritP": "13",
    "mCritP": "13",
    "stats": {
      "strength": 36,
      "dexterity": 6,
      "constitution": 16,
      "intelligence": 6,
      "wit": 6,
      "luck": 26
    }
  },
  "Arcanist": {
    "health": "812",
    "pAtk": "304",
    "mAtk": "764",
    "pDef": "188",
    "mDef": "508",
    "pCritP": "1",
    "mCritP": "7",
    "stats": {
      "strength": 6,
      "dexterity": 6,
      "constitution": 16,
      "intelligence": 36,
      "wit": 26,
      "luck": 6
    }
  },
  "Battlemage": {
    "health": "1092",
    "pAtk": "324",
    "mAtk": "624",
    "pDef": "348",
    "mDef": "468",
    "pCritP": "1",
    "mCritP": "1",
    "stats": {
      "strength": 6,
      "dexterity": 6,
      "constitution": 36,
      "intelligence": 36,
      "wit": 6,
      "luck": 6
    }
  },
  "Dreamweaver": {
    "health": "772",
    "pAtk": "304",
    "mAtk": "604",
    "pDef": "188",
    "mDef": "388",
    "pCritP": "13",
    "mCritP": "13",
    "stats": {
      "strength": 6,
      "dexterity": 6,
      "constitution": 16,
      "intelligence": 36,
      "wit": 6,
      "luck": 26
    }
  },
  "Stalker": {
    "health": "912",
    "pAtk": "744",
    "mAtk": "304",
    "pDef": "428",
    "mDef": "148",
    "pCritP": "10",
    "mCritP": "1",
    "stats": {
      "strength": 26,
      "dexterity": 36,
      "constitution": 16,
      "intelligence": 6,
      "wit": 6,
      "luck": 6
    }
  },
  "Trickster": {
    "health": "872",
    "pAtk": "544",
    "mAtk": "464",
    "pDef": "308",
    "mDef": "268",
    "pCritP": "10",
    "mCritP": "7",
    "stats": {
      "strength": 6,
      "dexterity": 36,
      "constitution": 16,
      "intelligence": 6,
      "wit": 26,
      "luck": 6
    }
  },
  "Explorer": {
    "health": "832",
    "pAtk": "544",
    "mAtk": "304",
    "pDef": "308",
    "mDef": "148",
    "pCritP": "22",
    "mCritP": "13",
    "stats": {
      "strength": 6,
      "dexterity": 36,
      "constitution": 16,
      "intelligence": 6,
      "wit": 6,
      "luck": 26
    }
  },
  "Titan": {
    "health": "1272",
    "pAtk": "544",
    "mAtk": "344",
    "pDef": "548",
    "mDef": "268",
    "pCritP": "1",
    "mCritP": "1",
    "stats": {
      "strength": 26,
      "dexterity": 6,
      "constitution": 46,
      "intelligence": 6,
      "wit": 6,
      "luck": 6
    }
  },
  "Spellbreaker": {
    "health": "1232",
    "pAtk": "344",
    "mAtk": "544",
    "pDef": "428",
    "mDef": "428",
    "pCritP": "1",
    "mCritP": "1",
    "stats": {
      "strength": 6,
      "dexterity": 6,
      "constitution": 46,
      "intelligence": 26,
      "wit": 6,
      "luck": 6
    }
  },
  "Hexer": {
    "health": "852",
    "pAtk": "504",
    "mAtk": "544",
    "pDef": "308",
    "mDef": "328",
    "pCritP": "1",
    "mCritP": "10",
    "stats": {
      "strength": 26,
      "dexterity": 6,
      "constitution": 16,
      "intelligence": 6,
      "wit": 36,
      "luck": 6
    }
  },
  "Voidwalker": {
    "health": "812",
    "pAtk": "304",
    "mAtk": "744",
    "pDef": "188",
    "mDef": "488",
    "pCritP": "1",
    "mCritP": "10",
    "stats": {
      "strength": 6,
      "dexterity": 6,
      "constitution": 16,
      "intelligence": 26,
      "wit": 36,
      "luck": 6
    }
  },
  "Prophet": {
    "health": "772",
    "pAtk": "304",
    "mAtk": "544",
    "pDef": "188",
    "mDef": "328",
    "pCritP": "13",
    "mCritP": "22",
    "stats": {
      "strength": 6,
      "dexterity": 6,
      "constitution": 16,
      "intelligence": 6,
      "wit": 36,
      "luck": 26
    }
  }
}
