{
  "Reaper": {
    "health": "456",
    "pAtk": "306",
    "mAtk": "186",
    "pDef": "192",
    "mDef": "116",
    "pCritP": "5",
    "mCritP": "1",
    "stats": {
      "strength": 14,
      "dexterity": 11,
      "constitution": 8,
      "intelligence": 6,
      "wit": 6,
      "luck": 6
    }
  },
  "Duelist": {
    "health": "516",
    "pAtk": "270",
    "mAtk": "190",
    "pDef": "212",
    "mDef": "136",
    "pCritP": "1",
    "mCritP": "1",
    "stats": {
      "strength": 14,
      "dexterity": 6,
      "constitution": 13,
      "intelligence": 6,
      "wit": 6,
      "luck": 6
    }
  },
  "Harlequin": {
    "health": "436",
    "pAtk": "266",
    "mAtk": "186",
    "pDef": "172",
    "mDef": "116",
    "pCritP": "9",
    "mCritP": "9",
    "stats": {
      "strength": 14,
      "dexterity": 6,
      "constitution": 8,
      "intelligence": 6,
      "wit": 6,
      "luck": 11
    }
  },
  "Arcanist": {
    "health": "430",
    "pAtk": "186",
    "mAtk": "306",
    "pDef": "124",
    "mDef": "210",
    "pCritP": "1",
    "mCritP": "5",
    "stats": {
      "strength": 6,
      "dexterity": 6,
      "constitution": 8,
      "intelligence": 14,
      "wit": 11,
      "luck": 6
    }
  },
  "Battlemage": {
    "health": "500",
    "pAtk": "190",
    "mAtk": "270",
    "pDef": "164",
    "mDef": "200",
    "pCritP": "1",
    "mCritP": "1",
    "stats": {
      "strength": 6,
      "dexterity": 6,
      "constitution": 13,
      "intelligence": 14,
      "wit": 6,
      "luck": 6
    }
  },
  "Dreamweaver": {
    "health": "420",
    "pAtk": "186",
    "mAtk": "266",
    "pDef": "124",
    "mDef": "180",
    "pCritP": "9",
    "mCritP": "9",
    "stats": {
      "strength": 6,
      "dexterity": 6,
      "constitution": 8,
      "intelligence": 14,
      "wit": 6,
      "luck": 11
    }
  },
  "Stalker": {
    "health": "456",
    "pAtk": "300",
    "mAtk": "186",
    "pDef": "186",
    "mDef": "116",
    "pCritP": "7",
    "mCritP": "1",
    "stats": {
      "strength": 11,
      "dexterity": 14,
      "constitution": 8,
      "intelligence": 6,
      "wit": 6,
      "luck": 6
    }
  },
  "Trickster": {
    "health": "446",
    "pAtk": "250",
    "mAtk": "226",
    "pDef": "156",
    "mDef": "146",
    "pCritP": "7",
    "mCritP": "5",
    "stats": {
      "strength": 6,
      "dexterity": 14,
      "constitution": 8,
      "intelligence": 6,
      "wit": 11,
      "luck": 6
    }
  },
  "Explorer": {
    "health": "436",
    "pAtk": "250",
    "mAtk": "186",
    "pDef": "156",
    "mDef": "116",
    "pCritP": "15",
    "mCritP": "9",
    "stats": {
      "strength": 6,
      "dexterity": 14,
      "constitution": 8,
      "intelligence": 6,
      "wit": 6,
      "luck": 11
    }
  },
  "Titan": {
    "health": "552",
    "pAtk": "244",
    "mAtk": "194",
    "pDef": "218",
    "mDef": "148",
    "pCritP": "1",
    "mCritP": "1",
    "stats": {
      "strength": 11,
      "dexterity": 6,
      "constitution": 16,
      "intelligence": 6,
      "wit": 6,
      "luck": 6
    }
  },
  "Spellbreaker": {
    "health": "542",
    "pAtk": "194",
    "mAtk": "244",
    "pDef": "188",
    "mDef": "188",
    "pCritP": "1",
    "mCritP": "1",
    "stats": {
      "strength": 6,
      "dexterity": 6,
      "constitution": 16,
      "intelligence": 11,
      "wit": 6,
      "luck": 6
    }
  },
  "Hexer": {
    "health": "440",
    "pAtk": "236",
    "mAtk": "250",
    "pDef": "154",
    "mDef": "164",
    "pCritP": "1",
    "mCritP": "7",
    "stats": {
      "strength": 11,
      "dexterity": 6,
      "constitution": 8,
      "intelligence": 6,
      "wit": 14,
      "luck": 6
    }
  },
  "Voidwalker": {
    "health": "430",
    "pAtk": "186",
    "mAtk": "300",
    "pDef": "124",
    "mDef": "204",
    "pCritP": "1",
    "mCritP": "7",
    "stats": {
      "strength": 6,
      "dexterity": 6,
      "constitution": 8,
      "intelligence": 11,
      "wit": 14,
      "luck": 6
    }
  },
  "Prophet": {
    "health": "420",
    "pAtk": "186",
    "mAtk": "250",
    "pDef": "124",
    "mDef": "164",
    "pCritP": "9",
    "mCritP": "15",
    "stats": {
      "strength": 6,
      "dexterity": 6,
      "constitution": 8,
      "intelligence": 6,
      "wit": 14,
      "luck": 11
    }
  }
}
